ticker,time,open,high,low,close,Volume
DTK,10/02/2020,114.5,114.5,108,112,433000
DTK,17/02/2020,112,113,108,112,222900
DTK,24/02/2020,112,112,97,97,678600
DTK,02/03/2020,102,105,99,102,234600
DTK,09/03/2020,102,102,92.25,94,314400
DTK,16/03/2020,96,96,89,89,78200
DTK,23/03/2020,85,85,76.5,84,86700
DTK,30/03/2020,80,88,80,88,37600
DTK,06/04/2020,88,88,85,85.5,68000
DTK,13/04/2020,85,86,80,85,103800
DTK,20/04/2020,86,87.75,85,85,5100
DTK,27/04/2020,86,90,80,83,48600
DTK,04/05/2020,83,85,82,83,112000
DTK,11/05/2020,83,83,76,77,28300
DTK,18/05/2020,77.5,77.5,70,74,167200
DTK,25/05/2020,74,74,68,71.75,1438300
DTK,01/06/2020,71.75,72,68,69.75,86700
DTK,08/06/2020,69.75,72.5,68,68,401500
DTK,15/06/2020,68,75,67.75,69,485700
DTK,22/06/2020,69,73.5,69,70,24700
DTK,29/06/2020,70.5,72,68,70,345800
DTK,06/07/2020,72,74,69.75,70,133100
DTK,13/07/2020,69.5,69.5,68,69,35800
DTK,20/07/2020,69,70,67,70,22400
DTK,27/07/2020,68,69.25,65,65,21500
DTK,03/08/2020,60.75,69,60.75,69,45900
DTK,10/08/2020,69,69,66,67.5,8100
DTK,17/08/2020,65,66,64,66,11400
DTK,24/08/2020,67,74.25,65.5,66,40400
DTK,31/08/2020,72.25,72.25,64.5,64.75,236000
DTK,07/09/2020,64.75,65,64.75,65,46900
DTK,14/09/2020,71.5,71.5,60,62,118500
DTK,21/09/2020,63.25,68.5,60,60,343600
DTK,28/09/2020,60,66,58.5,61,356100
DTK,05/10/2020,65,65,61.5,63,32600
DTK,12/10/2020,63,63.5,60.5,60.5,43300
DTK,19/10/2020,62.5,63,61,63,16400
DTK,26/10/2020,62.25,64,61,63,13600
DTK,02/11/2020,62.25,63,59,60.5,242200
DTK,09/11/2020,61.5,62,61.25,61.75,26500
DTK,16/11/2020,62.5,64,60.25,64,92100
DTK,23/11/2020,64,65,61,61.25,217900
DTK,30/11/2020,61.5,66,61.5,63.5,56200
DTK,07/12/2020,65,70,63.5,70,36000
DTK,14/12/2020,67.5,70,67,67.25,128500
DTK,21/12/2020,67.25,73.5,67.25,73.5,32400
DTK,28/12/2020,73.5,75,73,75,12600
DTK,04/01/2021,75,78.5,75,78,32600
DTK,11/01/2021,77.5,78,77,77,118000
DTK,18/01/2021,77.5,77.5,70,75,71600
DTK,25/01/2021,76,76,72,76,462000
DTK,01/02/2021,73.5,73.5,68,68,21900
DTK,08/02/2021,70,70,65,69,85100
DTK,15/02/2021,68.5,75,68,69,139400
DTK,22/02/2021,77,77,69.25,69.25,11400
DTK,01/03/2021,70,73.75,70,71.5,172400
DTK,08/03/2021,74,76.75,72,75.5,77500
DTK,15/03/2021,75,78,73,73,12500
DTK,22/03/2021,73.5,73.5,63,66,152800
DTK,29/03/2021,65.5,68,60,68,30900
DTK,05/04/2021,68,68,65,65.25,49000
DTK,12/04/2021,65.25,67.25,65,65,49600
DTK,19/04/2021,65,69,62,69,76300
DTK,26/04/2021,68.5,68.5,64.25,66.25,8200
DTK,03/05/2021,66.25,66.25,64,64,139800
DTK,10/05/2021,64,65,63,65,118600
DTK,17/05/2021,64,65,63,64,26700
DTK,24/05/2021,64,64,60,60,111100
DTK,31/05/2021,60.5,66,58,60,1186000
DTK,07/06/2021,60,62,58,59,891400
DTK,14/06/2021,60,60.25,58.75,59,306700
DTK,21/06/2021,59,60,57.5,60,112600
DTK,28/06/2021,60,61,58,59,222600
DTK,05/07/2021,59,60,57.75,59,1213700
DTK,12/07/2021,60,67,58,66.25,5215200
DTK,19/07/2021,66.25,69,64,65,3740900
DTK,26/07/2021,65,66.25,64.25,64.25,90100
DTK,02/08/2021,66,66.25,63.75,65.25,270200
DTK,09/08/2021,66,66,64,64,105300
DTK,16/08/2021,65,67.5,63.75,67.5,705600
DTK,23/08/2021,65,67.5,65,65,174800
DTK,30/08/2021,65,66.5,64.5,65,46300
DTK,06/09/2021,66,66,64,64,135100
DTK,13/09/2021,65,65,62,64.75,21400
DTK,20/09/2021,64.25,64.25,62.75,63.75,21400
DTK,27/09/2021,63.25,64,61,63.5,22400
DTK,04/10/2021,63.5,63.75,60,62.25,276100
DTK,11/10/2021,60.25,62.75,58.25,58.25,112600
DTK,18/10/2021,59.25,59.75,55.25,59.75,84500
DTK,25/10/2021,58.5,60,58,58.75,28000
DTK,01/11/2021,58,58.75,55.5,57.75,261000
DTK,08/11/2021,57.25,60,57,57.75,128100
DTK,15/11/2021,57.75,57.75,56,57,122700
DTK,22/11/2021,57,57.5,55,57,451600
DTK,29/11/2021,58,58,54,56,92900
DTK,06/12/2021,59,59,55.25,58,16000
DTK,13/12/2021,56,58,55.75,57,132500
DTK,20/12/2021,59,61,57,61,28900
DTK,27/12/2021,59.75,61,59,59.5,18900
DTK,03/01/2022,59.5,62,59,60,40900
DTK,10/01/2022,60,60,58,59,31500
DTK,17/01/2022,59,60,58,58,50400
DTK,24/01/2022,58,59,57,59,57800
DTK,31/01/2022,58.5,60,57,59,58100
DTK,07/02/2022,59,60,58.25,58.25,257600
DTK,14/02/2022,59,61,57,58.75,93100
DTK,21/02/2022,59,60,56.5,56.5,70700
DTK,28/02/2022,57,57.5,54.25,56.5,120100
DTK,07/03/2022,55.5,56.5,55.5,55.75,10200
DTK,14/03/2022,56,60,55,60,49000
DTK,21/03/2022,60,60,56.75,57,200500
DTK,28/03/2022,59.75,59.75,55.5,58.75,16300
DTK,04/04/2022,58,58,55.5,57,55900
DTK,11/04/2022,55.5,57.75,55.5,57,8300
DTK,19/04/2022,56,57,56,57,10800
DTK,25/04/2022,56,56,55,56,34200
DTK,04/05/2022,55,57,53.75,55,11500
DTK,09/05/2022,55,56.75,51.25,56,19900
DTK,16/05/2022,52,56.75,48.5,48.5,140400
DTK,23/05/2022,48.5,52,48.5,50,141300
DTK,30/05/2022,50,55,50,55,35100
DTK,06/06/2022,53.5,53.5,49.599998,51,275500
DTK,13/06/2022,50.5,52,50,52,15900
DTK,20/06/2022,50,53,50,50,40000
DTK,27/06/2022,50.25,52,49,50,1312300
DTK,04/07/2022,49.5,52,48,50.5,40900
DTK,12/07/2022,50,50,49.5,50,35500
DTK,18/07/2022,50,50,49,49,70800
DTK,25/07/2022,49.950001,49.950001,48.5,49,51900
DTK,01/08/2022,49,49.049999,48.599998,49.049999,255200
DTK,08/08/2022,49.049999,51,48.950001,51,193900
DTK,15/08/2022,51,51,50,51,137700
DTK,22/08/2022,51,51.5,49.5,51.5,124100
DTK,29/08/2022,52,52,49,50,214100
DTK,05/09/2022,52,53,50,53,325000
DTK,12/09/2022,50.5,53,50,50,172300
DTK,19/09/2022,51,53,49.5,49.5,50200
DTK,26/09/2022,49.799999,53,49.5,50,165600
DTK,03/10/2022,50,50,48.5,48.5,248800
DTK,11/10/2022,48.5,49.299999,48.5,48.549999,141900
DTK,17/10/2022,49,49,48,49,148900
DTK,24/10/2022,48.5,49,46.049999,48.5,109100
DTK,31/10/2022,48.150002,48.5,47.5,48,28300
DTK,07/11/2022,49,49.5,48,48,32800
DTK,14/11/2022,47.549999,49,46.099998,49,101200
DTK,21/11/2022,48.5,48.5,45,48,33300
DTK,28/11/2022,46.5,49,46.5,48.5,2233200
DTK,05/12/2022,48,48.6,48,48.5,1262100
DTK,13/12/2022,48.5,48.75,48.5,48.5,470000
DTK,19/12/2022,48.55,49,48.55,49,36500
DTK,27/12/2022,49.1,50.5,49,50.5,87700
DTK,03/01/2023,50,52.5,48.6,52,19900
DTK,09/01/2023,52.5,55.5,52.5,53,41200
DTK,16/01/2023,55,55,51,51,133400
DTK,23/01/2023,50.75,54.75,50,51.75,110100
DTK,30/01/2023,51.25,51.5,49,49.05,467900
DTK,06/02/2023,50,50,49.05,50,487100
DTK,13/02/2023,49.05,52.75,49.05,50,228900
DTK,20/02/2023,50,50,48.1,48.1,65800
DTK,27/02/2023,49.95,50,49.55,50,884700
DTK,06/03/2023,49.55,50,48.05,50,266600
DTK,13/03/2023,50.25,50.25,48.05,48.05,38500
DTK,20/03/2023,48.1,48.1,43.75,47.75,32000
DTK,27/03/2023,46.5,53.75,46,53.5,120000
DTK,03/04/2023,53.5,54.75,52,53,12600
DTK,11/04/2023,52.5,53,51,53,29600
DTK,17/04/2023,53,54.5,52,53,54500
DTK,24/04/2023,53.5,55,53,54.5,214300
DTK,02/05/2023,54.5,54.5,49.5,54,77600
DTK,08/05/2023,54,54,50.5,52,104700
DTK,15/05/2023,50.5,50.5,44,46,18600
DTK,22/05/2023,46,46,44.05,45,92200
DTK,29/05/2023,44.75,46,44.5,45,340400
DTK,05/06/2023,46,49,45.05,48,46300
DTK,12/06/2023,48,49.5,45,49,123500
DTK,19/06/2023,49,50,48,49.5,100900
DTK,26/06/2023,49.55,50,48.5,49.85,258600
DTK,03/07/2023,49.8,50,48,50,546800
DTK,10/07/2023,48.5,49,46.2,48,130800
DTK,17/07/2023,48,48.05,47.5,47.55,250400
DTK,24/07/2023,49,49,46,46,318700
DTK,31/07/2023,47.75,49,47.5,49,204800
DTK,07/08/2023,48,48,46.5,47.5,372100
DTK,14/08/2023,47.25,49,46.5,47.05,144200
DTK,21/08/2023,49.7,49.7,47,48.05,77000
DTK,28/08/2023,48,51.25,46.2,47.2,101400
DTK,04/09/2023,47.2,50,46.95,49,70400
DTK,11/09/2023,49,50,48,49,60000
DTK,18/09/2023,49.5,54,48,48,38700
DTK,25/09/2023,48.25,50,47.05,50,809700
DTK,02/10/2023,50,50,45.15,48.75,20500
DTK,09/10/2023,48,48,46,47.55,17500
DTK,16/10/2023,47.55,48.5,46,46.75,16900
DTK,23/10/2023,46,47.5,44.9,44.9,132200
DTK,30/10/2023,45,45.35,44,45,21800
DTK,06/11/2023,44.05,45,44,44,24200
DTK,14/11/2023,44,46,43.05,45,6500
DTK,20/11/2023,46,46,45,45.95,15200
DTK,27/11/2023,45,46,44.1,46,61700
DTK,04/12/2023,45,46,45,46,7700
DTK,11/12/2023,46,47,46,47,4000
DTK,18/12/2023,46.5,46.5,45,46.5,16200
DTK,27/12/2023,46,46.5,45.05,45.05,15000
DTK,02/01/2024,45.05,46.5,44.6,46.5,6400
DTK,08/01/2024,46.5,46.5,44.5,44.75,87500
DTK,15/01/2024,44.35,45,44.35,44.75,38200
DTK,22/01/2024,44.75,44.75,44,44.75,93500
DTK,29/01/2024,44.6,49.9,44.6,48.95,17300
DTK,05/02/2024,47,48.8,46,48,352300
DTK,12/02/2024,48,48.9,45,45.7,179500
DTK,19/02/2024,45.5,49,45,47,85600
DTK,26/02/2024,47,48.95,46,48.75,13400
DTK,04/03/2024,48.8,48.8,46.3,47.8,33900
DTK,11/03/2024,47.75,49.3,46.5,49.3,301200
DTK,18/03/2024,49.3,51.75,49.25,51.75,247900
DTK,25/03/2024,51,56,50,54,276100
DTK,02/04/2024,53.5,54.75,53,53.75,130200
DTK,08/04/2024,53,54,50,50,179800
DTK,15/04/2024,52,52,49.7,49.85,385900
DTK,22/04/2024,51,51,49.5,50,179000
DTK,29/04/2024,50,50,49.8,50,208300
DTK,06/05/2024,50,50,49.8,50,311500
DTK,13/05/2024,49.95,50,49.9,50,675100
DTK,20/05/2024,50,51,49.9,50,1051200
DTK,27/05/2024,46.45,47,45,46.55,211500
DTK,03/06/2024,46.55,48,46,47.25,441900
DTK,10/06/2024,47.25,48,45.05,46.05,417400
DTK,17/06/2024,46.4,46.9,46,46,242800
DTK,24/06/2024,46.45,46.5,46,46.5,166900
DTK,01/07/2024,46.5,46.5,46,46.4,345800
DTK,08/07/2024,46.5,46.5,46,46.4,87100
DTK,15/07/2024,46.45,46.5,46,46.5,154200
DTK,22/07/2024,46.5,46.5,46,46.45,141900
DTK,29/07/2024,46.5,46.5,45.5,45.8,50400
DTK,05/08/2024,45.95,45.95,43.1,45,134400
DTK,12/08/2024,45,46,44.05,46,225800
DTK,19/08/2024,46,46,45,45.5,113800
DTK,26/08/2024,45.45,46,45,45.5,181600
DTK,02/09/2024,45.25,46,44.5,45.5,428700
DTK,09/09/2024,46,46,45,46,492400
DTK,16/09/2024,46,49.55,46,46.5,144700
DTK,23/09/2024,48,50,47.5,49.1,141000
DTK,30/09/2024,50.25,50.25,48.5,50,52000
DTK,07/10/2024,50,52,49.5,51.5,152300
DTK,14/10/2024,51.5,52,49.5,51.5,826400
DTK,22/10/2024,51.5,54,51.5,53.75,266700
DTK,28/10/2024,53.5,53.75,52,53,328400
DTK,04/11/2024,53.5,53.5,51.75,51.75,274000
DTK,11/11/2024,52.25,52.5,51.25,52.25,161400
DTK,18/11/2024,52,53.25,51.25,52.5,136600
DTK,25/11/2024,52.5,54.75,52.5,54,233500
DTK,02/12/2024,54.75,61,54,55,567200
DTK,09/12/2024,59,60,56,58,92800
DTK,16/12/2024,58,65,57,63,422800
DTK,23/12/2024,64.5,68.75,63.25,68,56000
DTK,30/12/2024,69,75,65,67.25,547900
DTK,06/01/2025,68,70.5,67,69.5,526700
DTK,13/01/2025,69.5,70,61.5,68,251700
DTK,20/01/2025,68,70.5,68,69.75,332500
DTK,27/01/2025,70,70.5,69,69.5,584800
DTK,03/02/2025,71,71,66.25,70,283000
DTK,10/02/2025,70.5,75.5,70,74,220600
DTK,17/02/2025,75,85,74,79,129400
DTK,24/02/2025,78,80,75,79,430900
DTK,03/03/2025,78,83.5,76,82,556600
DTK,10/03/2025,82,82,78,78,349200
DTK,17/03/2025,79,82,79,79.75,380400
DTK,24/03/2025,80.5,80.75,70.25,77,239200
DTK,01/04/2025,75,78.5,72,74,234600
DTK,07/04/2025,74,75,67,71,604900
DTK,14/04/2025,70,79,70,72,85400
DTK,22/04/2025,79.5,80,72.5,76.5,29600
DTK,28/04/2025,74.75,77,70,74,34400
DTK,05/05/2025,72.5,72.5,68.5,71.5,198500
DTK,12/05/2025,71.5,76.5,70.5,76.5,139700
DTK,19/05/2025,79,79,74,76.5,184200
DTK,26/05/2025,72.75,74.5,66,72,807300
DTK,03/06/2025,73,75,70,72.25,335400
DTK,09/06/2025,74,75,71.25,73,533300
DTK,16/06/2025,74.75,75,70,74,295100
DTK,23/06/2025,74,76,73.25,75.25,227800
DTK,30/06/2025,75,81,75,77.25,547200
DTK,07/07/2025,80,80,77,79,134800
DTK,14/07/2025,79.5,80,78,78,208000
DTK,21/07/2025,78,80,75,80,158400
DTK,28/07/2025,80,85,75,76,109800
DTK,04/08/2025,77,80,76,79.5,141742
DTK,11/08/2025,79.5,85,78.5,84,212873
DTK,18/08/2025,82,90,81.5,87.5,395244
DTK,25/08/2025,88.75,91.5,87,89,336744
DTK,01/09/2025,90,109.25,89,105,2576233
DTK,08/09/2025,105,108.5,102.5,104,764154
DTK,15/09/2025,105,107,102.5,104.75,351719
DTK,22/09/2025,105,105,103,104.5,1322207
DTK,29/09/2025,104.5,105,103,104,234665
DTK,06/10/2025,105,105,103,104,217757
DTK,13/10/2025,105,105,95.5,104,202662
DTK,21/10/2025,104,105,100,104,125284
DTK,27/10/2025,105,106,103.25,105,780726
DTK,03/11/2025,105.5,118,105.5,115.25,167404
DTK,10/11/2025,115.25,118,110.5,116,133912
DTK,17/11/2025,115,118,114.25,116,532689
DTK,24/11/2025,116,116,109.25,112.75,448999
DTK,01/12/2025,113,115,105,111.75,251366
DTK,08/12/2025,110,115,105.25,115,221124
DTK,15/12/2025,112.5,115,111,115,157671
DTK,22/12/2025,114,115,113.75,114,40468
DTK,29/12/2025,114,115,112.5,115,49439
DTK,05/01/2026,115,119,113.75,117,90780
DTK,12/01/2026,117,119,116.5,118,548148
DTK,19/01/2026,118.5,119,116.5,118,163200
DTK,26/01/2026,118,130,117,129.5,982673
DTK,02/02/2026,129.5,140,129,135,779711
DTK,09/02/2026,136,165,134,163,977482
DTK,16/02/2026,163,170,148,153.75,532112
DTK,23/02/2026,153,159,152,158.75,366494
DTK,02/03/2026,158.75,158.75,154,156,325648
DTK,09/03/2026,156,157.75,154.25,157,949872
DTK,16/03/2026,157.75,157.75,155,155,368675
DTK,23/03/2026,155,155.25,145,145.5,592375
DTK,30/03/2026,145.5,148,144.5,147.75,363591
DTK,07/04/2026,147.75,159.75,147.5,152,289387
DTK,13/04/2026,151,156,148,148,255292
DTK,20/04/2026,148,152,148,152,194008
DTK,27/04/2026,150,152,146,147.25,105026
DTK,04/05/2026,147.5,150,145,148,183558
DTK,11/05/2026,148,160,146,150,137656
DTK,18/05/2026,150,160,148.25,148.75,158827
DTK,25/05/2026,148.75,152,138,149,258769
DTK,02/06/2026,151,151,141,144.75,555099
DTK,08/06/2026,144.75,145,141.75,142.5,137731
